{
  "llama3.2:3b (clean)": {
    "n": 500,
    "json_parse_rate": 1.0,
    "schema_valid_rate": 1.0,
    "intent_macro_f1": 0.5849256475181445,
    "category_accuracy": 0.734,
    "entity": {
      "precision": 0.6455696202531646,
      "recall": 0.8292682926829268,
      "f1": 0.7259786476868327,
      "tp": 102,
      "fp": 56,
      "fn": 21
    },
    "latency_ms_mean": 1701.6957494988455
  },
  "llama3.2:3b (OOD)": {
    "n": 500,
    "json_parse_rate": 0.878,
    "schema_valid_rate": 0.84,
    "intent_macro_f1": 0.343913322752332,
    "category_accuracy": 0.376,
    "entity": {
      "precision": 0.27631578947368424,
      "recall": 0.6829268292682927,
      "f1": 0.3934426229508197,
      "tp": 84,
      "fp": 220,
      "fn": 39
    },
    "latency_ms_mean": 1979.4808943432872
  }
}